id	domain	question	A	B	C	D	answer	explanation
1	Cryptography, PKI and data protection	Felicia wants to deploy an encryption solution that will protect files in motion as they are copied between file shares as well as at rest, and also needs it to support granular, per-user security. What type of solution should she select?	Partition encryption	File encryption	Full-disk encryption	Record-level encryption	B	File encryption protects individual files at rest and can continue protecting them when they are copied, while also supporting granular per-user access.
2	Cryptography, PKI and data protection	Valerie wants to use a certificate to handle multiple subdomains for her website, including the sales.example.com and support.example.com subdomains. What type of certificate should she use?	A self-signed certificate	A root of trust certificate	A CRL certificate	A wildcard certificate	D	A wildcard certificate such as *.example.com can cover multiple subdomains under the same parent domain.
3	Change management	What information is analyzed during a gap analysis?	Control objectives and controls intended to meet the objectives	Physically separate networks and their potential connection points	Compensating controls and the controls they are replacing	Security procedures and the policies they are designed to support	A	Gap analysis compares the control objectives with the controls currently intended to meet those objectives.
4	Security+ mixed practice	Susan's team has recommended an application restart for a production, customer-facing application as part of an urgent patch due to a security update. What technical implication is the most common concern when conducting an application restart?	Application configuration changes caused by the restart	Whether the patch will properly apply	Lack of security controls during the restart	The downtime during the restart	D	The usual technical concern with restarting a production application is downtime or service interruption.
5	Change management	Using a tool like git is most frequently associated with what critical change management process?	Having a backout plan	Stakeholder analysis	Version control	Standard operating procedures (SOPs)	C	Git is a version control tool because it tracks file versions, changes, and history.
6	Security+ mixed practice	Jacob is concerned that the password used for one of his organization's services is weak, and he wants to make it harder to crack by making it harder to test possible keys during a brute-force attack. What is this technique called?	Master keying	Key stretching	Key rotation	Passphrase armoring	B	Key stretching makes brute-force attempts slower by increasing the work needed to test each possible password or key.
7	Security controls and operations	Log monitoring is an example of what control category?	Technical	Managerial	Operational	Physical	A	Log monitoring is normally implemented with technical systems such as logging platforms, SIEM tools, and automated alerts.
8	Cryptography, PKI and data protection	Rick wants to make offline brute-force attacks against his password file very difficult for attackers. Which of the following is not a common technique to make passwords harder to crack?	Use of a salt	Use of a pepper	Use of a purpose-built password hashing algorithm	Encrypting password plain text using symmetric encryption	D	Passwords should normally be hashed with salts and strong password-hashing methods, not stored as encrypted plaintext.
9	Change management	Diffie-Hellman and RSA are both examples of what important encryption-related solution?	Rekeying	Certificate revocation protocols	Key exchange algorithms	Key generation algorithms	C	Diffie-Hellman and RSA can be used as key exchange mechanisms to help parties establish encryption keys.
10	Change management	Sally wants to ensure that her change management process includes a procedure for what to do if the change fails. What should she create to handle this possibility?	An impact analysis	A backout plan	A regression test	A maintenance window	B	A backout plan explains how to reverse or recover from a failed change.
11	Change management	Theresa is concerned that her scheduled maintenance window may extend beyond the allocated time due to an unexpected issue. What element from the CIA triad is she concerned about?	Criticality	Accessibility	Integrity	Availability	D	Unexpectedly extended downtime affects availability, the CIA triad element concerned with access to systems and services.
12	Physical security and controls	Alaina is concerned about vehicles that might impact her organization's backup generator. What should she install to prevent both inadvertent and purposeful vehicle impacts on a generator installed outside her building near a parking lot?	A speed bump	An access control vestibule	Bollards	A chain-link fence	C	Bollards are physical barriers used to stop vehicles from striking protected equipment or buildings.
13	Security controls and operations	Ben has deployed a data loss prevention (DLP) tool that inspects data and flags specific data types for review before emails containing it are sent outside the organization. What control type best describes this type of solution?	Managerial	Detective	Corrective	Preventive	D	A DLP rule that checks and holds outbound email before release is preventive because it can stop data from leaving.
14	Security controls and operations	What type of control is a policy or procedure?	Directive	Corrective	Detective	Preventive	A	Policies and procedures are directive controls because they tell people what must or should be done.
15	Security controls and operations	Murali has deployed a file integrity monitoring tool and has configured alerts to notify him if files are modified. What control type best describes this solution?	Preventive	Deterrent	Directive	Detective	D	File integrity monitoring that alerts on changes is detective because it identifies that a change occurred.
16	Zero trust, IAM and AAA	Charles wants to reduce the threat scope of compromised credentials. What type of the following security controls is best suited to meeting this need?	Single sign-on	Federation	Zero trust	Multifactor authentication (MFA)	C	Zero trust reduces the scope of damage from compromised credentials by limiting implicit trust and continuously evaluating access.
17	Cryptography, PKI and data protection	Carol wants to obfuscate data that is contained in her database. She wants to be able to refer to the data elements without having the actual data exposed. What type of obfuscation option should she select?	Tokenization	Encryption	Data masking	Data randomization	A	Tokenization replaces sensitive values with tokens that can be referenced without exposing the original data.
18	Cryptography, PKI and data protection	What key is used to decrypt information sent by another individual between two people using public key encryption?	The recipient's private key	The recipient's public key	The sender's private key	The sender's public key	A	When data is encrypted to a recipient with public key encryption, the recipient uses their private key to decrypt it.
19	Cryptography, PKI and data protection	Selah's organization has recently experienced a breach and the private keys for her organization's certificates were exposed. What should she immediately do?	Reissue the certificates with changed hostnames and other details.	Replace the certificates with self-signed certificates until they can be replaced by the vendor.	Revoke the certificates and place them on a certificate revocation list.	Replace the certificates with wildcard certificates.	C	Exposed certificate private keys require revocation so systems stop trusting the affected certificates.
20	Security+ mixed practice	Which of the following is not a major concern related to downtime caused by patching and system updates?	Attackers compromising the system or service while it is offline	Security systems or functions being offline during restart or shutdown processes	Unexpected extended downtime	Dependencies between systems or services related to downtime	A	A system being offline is less likely to be compromised directly while offline; the other choices are common downtime concerns.
21	Change management	Joanna wants to ensure that the most current version of each component in her application is deployed. What change management process will help the most with this requirement?	Dependency mapping	Version control	Impact analysis	Allow and deny lists	B	Version control helps ensure the correct and current component versions are tracked and deployed.
22	Change management	Greg wants to implement a version control system to ensure that changes are made in ways that will not cause problems for his organization's critical software. Which of the following is not a common feature of version control systems designed for software source code?	Atomic operations	File locking	Regression testing	Tagging and labeling	C	Regression testing may integrate with development workflows, but it is not itself a core version control feature.
23	Physical security and controls	Christina wants to implement a physical security control that has the greatest flexibility in how it is applied because she knows that exceptions to security practices may be required at times. Which of the following solutions has the greatest flexibility?	Video surveillance	Security guards	Access badges	Access control vestibules	B	Security guards are the most flexible because humans can judge exceptions and unusual situations.
24	Cryptography, PKI and data protection	Lisa wants to ensure that theft of a device will not lead to exposure of the data contained on the device if the device is locked or turned off. What type of encryption should she select to best ensure this?	Volume-level encryption	Full-disk encryption	File-level encryption	Partition-level encryption	B	Full-disk encryption protects the data on a lost or stolen device when the system is off or locked.
25	Security+ mixed practice	Mahmoud has been asked to implement an allow list for websites that users at his company can visit. What concern should he bring up to management due to this request?	Allow lists cannot be used for websites.	Allow lists are overly permissive and are likely to allow unwanted sites to be visited.	Using an allow list for websites will take a lot of time to maintain.	Using an allow list for websites is easily bypassed.	C	Website allow lists can require significant ongoing maintenance because needed sites and services change frequently.
26	Change management	Which of the following change management processes does not commonly directly involve stakeholders outside of the IT organization?	Impact analysis	Building the backout plan	The change approval process	Determining the maintenance window	B	The technical backout plan is usually built inside IT, while impact, approval, and maintenance timing often involve wider stakeholders.
27	Cryptography, PKI and data protection	What hardware component is used to generate, store, and manage cryptographic keys?	A CPU	A NSA	A TPM	A CCA	C	A TPM is hardware used to protect and manage cryptographic keys on a system.
28	Cryptography, PKI and data protection	Chris wants to check to see if a certificate has been revoked. What protocol can he use to validate the current status of a certificate?	TLS	OCRS	SSL	OCSP	D	OCSP is used to check the current revocation status of a certificate.
29	Security+ mixed practice	Brian's organization uses a process where a secure module boots systems, then monitors them as each boot stage proceeds. It validates each signed boot stage and reports on whether the boot process was correct or not when complete. What is the secure module used to verify these stages called?	A secure initiation manager	A root of trust	A boot hash	A cryptographic boot manager	B	A root of trust is the trusted starting point used to validate secure boot stages.
30	Security controls and operations	A vulnerability scan shows that an embedded device that Alice is responsible for has a vulnerability. She knows the vendor is no longer in business and that there is no updated firmware or software update for the device. To resolve the issue, Alice places a firewall between the device and the rest of the network and creates rules that prevent the vulnerable service from being available to other devices. What type of control has Alice deployed?	A directive control	A compensating control	A detective control	A procedural control	B	A compensating control is used when the preferred fix is unavailable and another control reduces the risk.
31	Cryptography, PKI and data protection	Jason knows that his Apple system uses a separate portion of its SoC (system on chip) to store keys and biometric information. What is this specialized component called?	A TPM	A HSM	A secure enclave	A screened subnet	C	Apple uses a Secure Enclave to protect keys and biometric data on supported devices.
32	Change management	What change management term is used to describe the processes that an organization uses for each change that is made to ensure that a consistent process is used?	Standard operating procedures	A change plan	Fixed operating procedures	A backout plan	A	Standard operating procedures describe consistent processes used to perform work, including repeated change processes.
33	Cryptography, PKI and data protection	Jack knows that there are three common types of database encryption. Which of the following is not a common type of database encryption?	Sensitivity-based encryption	Transparent data encryption	Field-level encryption	Column-level encryption	A	Transparent, field-level, and column-level encryption are common database encryption approaches; sensitivity-based encryption is not a standard type.
34	Change management	Ujamaa wants to conduct a gap analysis as part of his security efforts. Which of the following best describes what he will analyze?	Which services are not configured properly	Whether current patches are installed on all systems	The security program as implemented versus best practices	Legal requirements versus the security program	C	Gap analysis compares the current security program with a desired state such as best practices or requirements.
35	Physical security and controls	Brandon wants to deploy a detective control that will help him with physical security threats. Which of the following fits his needs?	Fencing	Lighting	Video surveillance	Bollards	C	Video surveillance is detective because it can record or reveal physical security events.
36	Security controls and operations	Jack has deployed a system that appears to attackers to be a vulnerable system. The system is specifically designed to capture information and data from attacks to allow for later analysis. What type of tool has Jack deployed?	A tarpit	A honeypot	A beehive	An intrusion detection system	B	A honeypot is a decoy system designed to attract attackers and collect information about their activity.
37	Change management	Renee wants to ensure that her logs support nonrepudiation. What should she do to ensure this?	Encrypt, then hash the logs.	Hash the logs and then digitally sign them.	Digitally sign the log file, then encrypt it.	Hash, then encrypt the logs.	B	Hashing provides integrity, and digitally signing the hash supports nonrepudiation.
38	Physical security and controls	Isaac wants to deploy sensors to detect intruders in a facility, but he is concerned about the sensors being overly sensitive. What type of sensor is best suited to detecting intruders in an open office environment without significant expense or issues with sensitivity?	Infrared	Pressure	Microwave	Ultrasonic	A	Infrared sensors are common, low-cost motion sensors for spaces such as offices.
39	Zero trust, IAM and AAA	Wayne wants to allow systems to claim identities as part of his AAA process. Which of the following is most commonly used to identify both individuals and systems?	Tokens	Smartcards	Certificates	Usernames	C	Certificates are commonly used to identify both users and systems in authentication processes.
40	Change management	What are considerations like database and network connectivity, authentication system access, and network time availability considered in the context of change management processes?	Allowed services	Standard operating procedures	Denied services	Dependencies	D	Connectivity, authentication services, and time services are dependencies because other systems rely on them.
41	Zero trust, IAM and AAA	What role does the policy engine play in a zero-trust environment?	It creates new administrative policies based on user behavior.	It grants access based on policies created by administrators and based on security systems data.	It enforces policies by monitoring connections between clients and servers.	It suggests new administrative policies based on usage patterns for adoption by the organization.	B	The policy engine makes access decisions using administrator policy and security-system data.
42	Change management	Which of the following is not a common post-change activity found in change management practices?	Updating diagrams	Updating procedures	Updating policies	Updating contracts	D	Diagrams, procedures, and policies are commonly updated after changes; contracts are not normally a routine post-change item.
43	Change management	Which of the following activities should Alaina not restrict as part of her preparation for a change window?	Patching	Scaling clustered systems up or down	Changing hostnames	Modifying database configurations	B	Scaling clustered systems may be needed to maintain capacity during a change window, while other configuration changes are normally restricted.
44	Cryptography, PKI and data protection	What two key features define blockchain ledgers?	They are immutable and nontransferable.	They are shared and can be modified by a vote among all participants.	They are unique to each participant and are atomic.	They are shared and immutable.	D	Blockchain ledgers are shared among participants and designed to be immutable after entries are added.
45	Cryptography, PKI and data protection	Damian issues the following command on his Linux server: openssl req -new -newkey rsa:2048 -nodes \ -keyout exampleserver.key \ -out exampleserver.csr What has he done?	Created a certificate signing request	Created a certificate revocation request	Signed a certificate signing request	Updated the OCSP record for a certificate	A	The openssl req command shown creates a certificate signing request and key material.
46	Change management	Nick's organization sets aside Saturday nights from 2 a.m. to 4 a.m. for scheduled maintenance. What is this type of reserved time typically called?	Allocated downtime	A maintenance window	An unscheduled outage	An allowed outage	B	A reserved period for planned maintenance is called a maintenance window.
47	Change management	Megan wants to assess the impact of a change as part of her change management process. Which of the following is most likely to help her assess impact?	A backout plan	An estimate of the downtime expected	A list of stakeholders	A list of dependencies for impacted systems	D	A dependency list helps identify which systems, services, and users may be affected by a change.
48	Change management	Jared wants to estimate the downtime that will result as part of a planned change. Which of the following methods will most effectively help him estimate downtime?	Average the downtime from other recent changes.	Contact the vendor for time estimates for the change.	Perform the change in a test environment.	Use a fixed maintenance window.	C	Testing the change in a test environment gives the best estimate of likely downtime.
49	Cryptography, PKI and data protection	An encryption method in which all participants have the same key is known as which of the following types of encryption?	Shared hashing	Asymmetric encryption	Symmetric encryption	Universal encryption	C	Symmetric encryption uses the same shared key for encryption and decryption.
50	Change management	What important encryption challenge does asymmetric encryption help with by using public keys?	Evil twins	Collision resistance	Key length	Key exchange	D	Asymmetric encryption helps solve key exchange by allowing public keys to be shared openly.
51	Security+ mixed practice	Rick's cloud provider offers a dedicated hardware security module. Which of the following capabilities is it unlikely to offer?	Validating secure boot processes	Key generation	Encrypting and decrypting data	Creating digital signatures	A	HSMs are designed for key operations, not normally for validating secure boot processes.
52	Cryptography, PKI and data protection	Michelle believes that an image she has discovered in an attacker's directory of files contains additional information that has been hidden in it. What is this type of obfuscation called?	Steganography	Image hashing	PNG warping	Image blocking	A	Steganography hides information inside another file, such as an image.
53	Cryptography, PKI and data protection	Which of the following is not a common transport encryption protocol?	TLS	IPSec	SAML	SSH	C	SAML is an authentication and authorization assertion standard, not a transport encryption protocol.
54	Zero trust, IAM and AAA	What technology is record-level encryption most commonly associated with?	Stored audio files	Databases	Physical disks	Removable storage	B	Record-level encryption is most commonly associated with databases.
55	Cryptography, PKI and data protection	Yasmine submits the Windows BitLocker key to a central repository after she encrypts the machine. The central repository allows files to be uploaded, but not read, and is protected with access requiring special permissions. What type of solution is Yasmine's company using?	A hardware security module	Perfect forward secrecy	Key escrow	Private keys	C	Key escrow stores recovery keys in a protected location for authorized future access.
56	Cryptography, PKI and data protection	Valerie wants to authenticate her systems using her AAA system. Which of the following options is best suited to system authentication?	Asymmetric authentication	Certificate-based authentication	Symmetric authentication	PIN-based authentication	B	Certificates are well suited for authenticating systems because they can identify machines and services.
57	Security controls and operations	Valentine wants to detect if an intruder has accessed a secured file server. Which of the following techniques will work best with a data loss prevention tool to identify data exfiltration?	A honeypot	A honeynet	A honeyfile	A honeytoken	C	A honeyfile is a decoy file monitored to detect unauthorized access or exfiltration.
58	Physical security and controls	Jason has recommended that additional lighting be put in place on the exterior of his building as part of a security upgrade. What type of control is lighting?	Operational	Deterrent	Corrective	Technical	B	Lighting is a deterrent control because it discourages physical attacks by increasing visibility.
59	Physical security and controls	Which of the following controls is typically the most expensive to implement?	Bollards	Access control vestibules	Security guards	Access badges	C	Security guards usually create the highest ongoing cost because they require staffing.
60	Cryptography, PKI and data protection	Frankie wants to validate the integrity of a file by comparing it against an original copy. Which of the following solutions both fulfills this requirement and avoids known security issues?	Hash the original file and the current file using MD5 and compare the hashes.	Hash the original file and the current file using SHA-1 and compare the hashes.	Hash the original file and the current file using SHA-256 and compare the hashes.	Hash the original file and the current file using AES and compare the hashes.	C	SHA-256 is a modern hash algorithm suitable for comparing file integrity.
61	Security controls and operations	Joanna's organization has a policy that requires a user's password to be immediately reset to lock accounts if the account is determined to have been successfully phished. What type of control is this?	A detective control	A directive control	A compensating control	A preventive control	B	A policy that tells staff what to do after a phishing disclosure is a directive control.
62	Zero trust, IAM and AAA	Jackie wants to implement an AAA system for her network. What AAA protocol is commonly used for network devices?	OpenID	SAML	RADIUS	TANGENT	C	RADIUS is commonly used for network AAA, especially for network access and devices.
63	Zero trust, IAM and AAA	Scott wants to automate policy creation in his zero-trust environment's policy engine. Which of the following is not a typical component for automated data and event-driven policy management?	A SIEM	Threat feeds	Infrared sensor data	EDR tools	C	SIEM, threat feeds, and EDR are common policy inputs; infrared sensor data is not a typical zero-trust policy source.
64	Zero trust, IAM and AAA	Valerie's organization has deployed a zero-trust solution, and Valerie receives an authentication prompt when she is attempting to access a file server. What component of the zero-trust architecture is she interacting with?	A policy enforcement point	A policy administrator	The policy engine	The trust manager	A	The policy enforcement point is the component the user interacts with when access is challenged or enforced.
65	Zero trust, IAM and AAA	Matt is assessing his organization's zero-trust model against the NIST Zero Trust Maturity Model. Which of the following is not a common element of zero-trust systems that would be assessed as part of the model?	Identity	Business model	Networks	Devices	B	Identity, networks, and devices are zero-trust maturity elements; business model is not one of the common assessed pillars.
66	Zero trust, IAM and AAA	Quentin wants to deploy a single sign-on system to allow his users to log in to cloud services. Which of the following technologies is he most likely to deploy?	OpenID	Kerberos	LDAP	TACACS+	A	OpenID Connect is commonly used for cloud single sign-on and identity federation.
67	Security controls and operations	Marty wants to deploy a corrective control to deal with a recently compromised system. Which of the following would be considered a corrective control?	Patching the vulnerability that allowed the compromise to occur	Deploying full-disk encryption	Deploying an endpoint detection and response (EDR) tool	Enabling logging and sending logs to a SIEM	A	Patching the vulnerability after compromise corrects the weakness that allowed the incident.
68	Cryptography, PKI and data protection	What important encryption feature is not supported by symmetric encryption?	Confidentiality	Integrity	Nonrepudiation	Authentication	C	Because symmetric encryption uses a shared key, it does not provide strong nonrepudiation.
69	Cryptography, PKI and data protection	Theresa wants to use a cloud-hosted security solution that will allow her to safely store and manage secrets. What type of solution should she select?	A TPM	A CA	A KMS	A CSR	C	A cloud key management service is used to store and manage secrets and cryptographic keys.
70	Cryptography, PKI and data protection	Joanna is reviewing her account information on an e-commerce website and sees her credit card number displayed as XXXX-XXXX-XXXX-1234. What type of data obfuscation is in use?	Hashing	Data masking	Field encryption	Tokenization	B	Showing only the last four digits is data masking.
71	Cryptography, PKI and data protection	Amanda's organization wants to use a decentralized blockchain to store data. Which of the following is true about a decentralized blockchain?	No individual or group controls the blockchain.	Only cryptocurrency-related data can be stored in a blockchain.	Blockchain data can be changed after being stored by the original submitter.	Blockchain ledgers are stored on central servers chosen by regular elections among blockchain participants.	A	A decentralized blockchain has no single controlling individual or group.
72	Cryptography, PKI and data protection	What role does a subordinate CA have in a CA hierarchy?	Subordinate CAs issue certificates based on subdomains.	Subordinate CAs provide control over certificate issuance while avoiding the cost of being a root CA.	Subordinate CAs validate root CA activities to ensure auditability.	Subordinate CAs review certificate signing requests before forwarding them to the root CA.	B	A subordinate CA can issue certificates under a CA hierarchy without being the root CA.
73	Physical security and controls	Which of the following sensor types is commonly used to detect footsteps?	Infrared	Pressure	Microwave	Ultrasonic	B	Pressure sensors can detect footsteps or weight on a surface.
74	Security controls and operations	Which of the following is not a managerial control?	Risk assessments	Including security in change management processes	Security planning exercises	Implementing firewalls	D	Firewalls are technical controls, not managerial controls.
75	Cryptography, PKI and data protection	What purpose do third-party certificates serve for customers of cloud services?	They reduce costs by using bring-your-own certificates.	They allow certificates for domains other than the service provider's domain.	They provide control over cryptographic security for the customer.	They allow more flexibility in TLS version selection.	B	Third-party certificates let cloud customers use certificates for their own domains rather than only the provider domain.
76	Cryptography, PKI and data protection	Which of the following is not a common control focused on availability?	Uninterruptible power systems	Redundant Internet connectivity	Disk encryption	Load balancers	C	Disk encryption protects confidentiality, not availability.
77	Security controls and operations	What term describes a collection of honeypots on a network intended to capture information about cybersecurity threats?	A honeyfarm	A honeynet	A honeycluster	A darknet	B	A honeynet is a network of honeypots used to study attacker behavior.
78	Physical security and controls	Skip wants to implement a deterrent control to prevent physical security issues for his organization. Which of the following controls should he select?	A fence	A generator	Access badges	A camera system	A	A fence is a physical deterrent because it discourages or delays unauthorized entry.
79	Cryptography, PKI and data protection	What holds the position of the root of trust in a certificate chain?	A hardened hardware device	A TPM	A root certificate	A wildcard certificate	C	In a certificate chain, the root certificate is the trusted anchor.
80	Cryptography, PKI and data protection	Jill needs to explain the concept of open public ledgers to her organization as management wants to adopt a blockchain-based system. What should she tell them about access to the ledger?	Members must be added by a vote of all current members.	Anyone can join at any time.	Members must be added by a vote of more than 51 percent of current members.	Ledgers are public but membership is private and controlled by the creator of the ledger.	B	An open public ledger allows anyone to participate or join.
81	Cryptography, PKI and data protection	Olivia wants to use a self-signed certificate in her test environment for her organization's services to save money on commercial certificates. What warning should her team give her about the use of self-signed certificates in a test environment?	Certificate root of trust validation attempts will fail if implemented.	Self-signed certificates cannot be used for external users to support SSL.	Self-signed certificates cannot be used for internal users to support SSL.	Browsers will not allow self-signed certificates to be used when browsing sites.	A	Self-signed certificates are not chained to a trusted root, so normal trust validation fails unless they are manually trusted.
82	Change management	Amanda is concerned about issues with dependencies that may be found during her pending change. What practice should she implement to help ensure unexpected dependency issues are not encountered?	Update organizational policies and procedures before the change.	Update functional diagrams before the change.	Validate the change in a test environment.	Document legacy applications that may create dependencies.	C	Testing in a representative environment helps discover dependency problems before production change.
83	Zero trust, IAM and AAA	Lucca has implemented an authentication scheme that relies on ticket-granting tickets as part of the authentication process. What common authentication service has he implemented?	TACACS+	Kerberos	MS-CHAP	EAP	B	Kerberos uses ticket-granting tickets as part of its authentication process.
84	Cryptography, PKI and data protection	Jocelyn wants to select a modern encryption algorithm for use in her organization. Which of the following is a currently recommended encryption algorithm?	AES-256	SHA1	DES	Blowfish	A	AES-256 is a modern recommended symmetric encryption algorithm.
85	Physical security and controls	Elizabeth wants to classify the following controls by their category. What category best describes lighting, fences, bollards, and access control vestibules?	Technical	Managerial	Operational	Physical	D	Lighting, fences, bollards, and vestibules are physical controls.
86	Change management	Jack wants to ensure the integrity of a file that he is sending to a third party via email. How can he provide the integrity of a file to an organization that he has not done business with before?	Encrypt the file and send it to them.	Digitally sign the file.	Send a hash of the file in a separate email.	Email the file size and original name in a separate email.	B	A digital signature provides integrity and proves the file was signed by the holder of the private key.
87	Cryptography, PKI and data protection	Annie notices that her browser shows that the certificate for the site she is visiting is not valid. After performing some checks, she sees that the certificate is on the CA's certificate revocation list. Which of the following is not a reason for a certificate to be on a CRL?	The CA is compromised.	The certificate's private key was compromised.	The certificate was signed with a stolen key.	The certificate expired.	D	Expired certificates are normally invalid because of expiration, not because they need to be placed on a CRL.
88	Cryptography, PKI and data protection	Mohinder wants to use modern, secure hashing algorithms to validate files against known good originals. Which of the following hashing algorithms should he select?	MD5	SHA-1	AES-256	SHA-256	D	SHA-256 is a modern secure hashing algorithm for file integrity checks.
89	Change management	Derrick wants to validate an encrypted and digitally signed message sent using asymmetric encryption. What does he need from the sender to validate the message?	The sender's private key	Derrick's private key	The sender's public key	Derrick's public key	C	A sender’s public key is used to validate a digital signature created with the sender’s private key.
90	Change management	The major patch release that Susan's team installed has failed, resulting in a nonworking service. What should her team do according to change management best practices?	Declare an outage.	Follow the documented backout plan.	Restore from backups to the previous version.	Uninstall the patch and validate service function.	B	Change management best practice is to follow the documented backout plan when a change fails.
91	Change management	The web server that Angela's organization manages was recently compromised and the SSL certificate's private key was accessed by attackers. Angela's team has completed remediation and has created a new CSR, including a new private key that they have secured. What type of control best describes the creation of a new key and certificate in this circumstance?	Corrective	Compensating	Deterrent	Detective	A	Replacing compromised key material and certificates after an incident is a corrective action.
92	Zero trust, IAM and AAA	Mikayla's zero-trust system has received a request for access with an identity, and the basic criteria for access have been met. What should the system do next before providing access to the resource requested?	Check the remote system's security status.	Require reauthentication using MFA.	Check the user's rights to ensure they can access the resource.	Determine its level of confidence in the request.	D	Zero-trust systems evaluate confidence in the request before granting access.
93	Security controls and operations	Charles sets up an RDP server on an isolated network segment and places a file on it called passwords.xlsx. He then configures his IPS and DLP systems to monitor for that file exiting the network segment. What type of tool has Charles deployed?	A honeyfile	A SQL trap	A red flag	A trigger file	A	A honeyfile is a decoy file used to detect unauthorized access or movement.
94	Cryptography, PKI and data protection	Lucca is using precomputed rainbow tables to attempt to crack hashed passwords from a data breach. He knows that two users have the same password, but the hashes do not match. What password hash security technique has Lucca most likely encountered?	Password encryption	Salting	Hash rotation	Password mismatching	B	Salting causes identical passwords to produce different hashes.
95	Zero trust, IAM and AAA	What operating system is commonly associated with secure enclaves?	Windows	iOS	Linux	Android	B	Secure Enclave is strongly associated with Apple devices, including iOS devices.
96	Cryptography, PKI and data protection	Isaac is concerned that the passwords that his users are creating are too short and can be easily brute-forced if their hashes were compromised. Rather than make his users remember longer passwords, he would like to implement a technical solution to help make the hashes more resistant to cracking. What solution can he use to help with this?	Implement pass-the-hash algorithms.	Use a collision-resistant hashing algorithm.	Implement key stretching techniques.	Encrypt passwords rather than hashing them.	C	Key stretching makes password hashes more resistant to brute-force cracking.
97	Physical security and controls	Christina wants to implement access badges printed with picture IDs for her organization, but she wants to use a wireless reader. What access badge technology is commonly implemented in scenarios like this?	Wi-Fi-enabled access badges	RFID access badges	Bluetooth-enabled access badges	NFC access badges	B	RFID is commonly used for wireless access badge readers.
98	Security controls and operations	Kendra's vulnerability management team has discovered that Internet of Things (IoT) devices deployed a few years ago to monitor temperatures for critical refrigerated equipment are vulnerable to a new attack. After reviewing the issue, her team has discovered the devices are no longer supported and that the manufacturer has gone out of business. They suggest moving the devices to an isolated network to help protect them. What type of control has Kendra's team suggested?	A corrective control	A compensating control	A confidentiality control	A coordinated control	B	Network isolation can act as a compensating control when vulnerable unsupported devices cannot be patched.
99	Zero trust, IAM and AAA	Which of the following is not a common factor in adaptive authentication for zero trust?	Where the user is logging in from	Whether the user has logged in recently from another device	What device the user is logging in from	If the device is configured correctly	B	Location, device, and device health are common adaptive factors; recent login from another device is less commonly treated as a primary factor in this list.
100	Zero trust, IAM and AAA	Juan's organization is designing their zero-trust model. Which of the following statements is true for network security zones?	All communication is secured, regardless of the network security zone it occurs in.	Communication receives additional security in low-trust zones.	Communication receives less security in high-trust zones.	All zero-trust networks are considered secured zones.	A	Zero trust does not rely on a trusted network zone; communication should be secured regardless of zone.
101	Physical security and controls	What advantage do microwave sensors have over infrared sensors?	They can detect heat signatures.	They are cheaper than infrared sensors.	They can penetrate some types of walls.	They do not interfere with sensitive equipment.	C	Microwave sensors can penetrate some walls or barriers, unlike many infrared sensors.
102	Physical security and controls	Isaac is conducting a physical penetration test and wants to bypass an access control vestibule. What must he accomplish?	He needs to persuade an individual to allow him to follow them through a single door.	He needs to acquire an individual's access card.	He needs to persuade an individual to allow him to follow them through two doors in a row.	He needs to acquire the individual's access PIN.	C	An access control vestibule uses two doors, so tailgating requires getting through both.
103	Cryptography, PKI and data protection	Rachel wants to select an obfuscation method that will allow her customer service representatives to validate customer identities without providing full access to customer data. What should she select?	Tokenization	Data masking	Steganography	Hashing	B	Data masking hides part of the real data so staff can validate identity without seeing the full value.
104	Change management	Valerie's manager has informed her that version control must be implemented for her development team's work. Which of the following is not a common, security-related reason for version control?	To help with patching	To track each contributor's workload	To ensure the proper version is deployed	To help with change management	B	Version control is used for deployment correctness, patching, and change management, not primarily to track workload.
105	Change management	Jackie's change management process involves reporting functional validation test results to stakeholders. Which of the following is not a common stakeholder or stakeholder group for an application upgrade?	Application administrators	Service owners	System administrators	Auditors	D	Auditors may review evidence later, but they are not normally a core stakeholder group for functional validation results.
106	Cryptography, PKI and data protection	How many keypairs are required for four individuals to communicate securely using asymmetric encryption?	1	4	8	12	B	Each individual needs one public/private keypair, so four people require four keypairs.
107	Cryptography, PKI and data protection	Michelle wants to store secrets for her organization in a cloud service. She wants to ensure the greatest level of security for her organization, and she is willing to spend more money to provide that security. What solution should she look for?	A shared cloud TPM	A shared cloud HSM	A dedicated hardware cloud TPM	A dedicated hardware cloud HSM	D	A dedicated cloud HSM provides the strongest cloud-based protection among these options.
108	Change management	Murali wants to digitally sign a file. What key does he need to sign it?	The recipient’s private key	His private key	The recipient’s public key	His public key	B	A digital signature is created with the signer’s private key.
109	Cryptography, PKI and data protection	What information is necessary for a certificate to be identified properly in an OCSP request?	The domain name	The original requestor’s name	The certificate’s serial number	The identifier for the open public ledger entry	C	OCSP identifies the certificate being checked using information including the certificate serial number.
110	Cryptography, PKI and data protection	Rick checks the certificate for the site he is viewing and sees that it reads *.example.com. What type of certificate is this, and why is it in use?	It is a self-signed certificate, and it is used for testing purposes.	It is a wildcard certificate and is used for testing purposes.	It is a wildcard certificate and is used for multiple subdomains.	It is a self-signed certificate and is used for multiple subdomains.	C	A certificate named *.example.com is a wildcard certificate used for multiple subdomains.
111	Security controls and operations	John wants to write a procedure that addresses what to do if an employee inadvertently discloses their password due to a phishing attempt. What type of control is John considering?	A directive control	A proactive control	A deterrent control	A preventive control	A	A procedure telling employees what to do is a directive control.
112	Security+ mixed practice	Adam has been asked to implement an allow list for websites that his servers can visit. What concern should he raise about the implementation of allow lists?	Allow lists can be difficult to manage and cause failures if sites that are needed are not added.	Allow lists do not prevent sites from being visited if they are not on the allow list.	Allow lists cannot be configured to allow entire domains to be visited, creating significant overhead.	Allow lists are prone to error, allowing unwanted sites to be added.	A	Allow lists can be hard to maintain because required websites or services must be added or access may fail.
113	Security+ mixed practice	Jim wants to implement an authentication framework for his wireless network. Which of the following is most commonly used for wireless network authentication?	EAP	MS-CHAP	Kerberos	LDAP	A	EAP is commonly used as an authentication framework for wireless networks.
114	Change management	Gary is preparing change management documentation for an application restart after patching. What step should immediately follow the application restart?	Validation testing	Documenting the change occurred	Updating version control	Vulnerability scanning	A	After restarting an application, validation testing confirms the service works correctly.
115	Physical security and controls	Anna has been told that her organization has deployed microwave sensors in the organization’s warehouses. What are microwave sensors most frequently used to detect?	Motion	Glass break	Heat signatures	Pressure	A	Microwave sensors are commonly used to detect motion.
116	Cryptography, PKI and data protection	When is data on a drive that uses full-disk encryption at the greatest risk?	During the system boot process	When the system is off	When the system is logged in and in use	When the system is being shut down	C	Full-disk encryption offers least protection after the user logs in and the disk is unlocked for use.
117	Cryptography, PKI and data protection	Alex has configured full-disk encryption for laptops that his organization issues to employees. What cybersecurity objective does this primarily support?	Confidentiality	Availability	Authenticity	Integrity	A	Full-disk encryption primarily protects confidentiality of data on lost or stolen devices.
118	Change management	What process reviews control objectives for an organization, system, or service to determine if controls do not meet the control objectives?	A penetration test	A gap analysis	A Boolean analysis	A risk analysis	B	Gap analysis identifies where controls do not meet objectives or requirements.
119	Security+ mixed practice	Frank configures an access control list to ensure that only specific IP addresses are able to connect to a service. What type of control has he deployed?	Managerial	Physical	Technical	Operational	C	An ACL that permits only certain IP addresses is a technical control.
120	Physical security and controls	Annie has recently implemented a video surveillance system for her organization. What is the largest driver for new ongoing costs for an unmonitored video surveillance system?	Camera maintenance	The ongoing cost of storage	Security guards	Licensing	B	Unmonitored video systems still create ongoing storage costs for recorded footage.
121	Security controls and operations	Henry's organization has recently experienced a ransomware attack and is restoring backups from a secure backup system. What type of security control is Henry using?	A preventive control	A directive control	A compensating control	A corrective control	D	Restoring from backup after ransomware is corrective because it helps recover from the incident.
122	Cryptography, PKI and data protection	What data obfuscation technique relies on a lookup table that allows you to match the data you want to secure to a randomly generated value to ensure that the actual value is not easily accessible?	Hashing	Tokenization	Randomization	Masking	B	Tokenization maps real values to replacement tokens, often through a lookup table.
123	Change management	What challenge drives the need for key exchange mechanisms?	The number of keys required for symmetric encryption	The need to determine if a key is public	The need to exchange keys in a way that prevents others from obtaining a copy	The need to securely return keys to their owner after they are traded	C	Key exchange is needed to share or agree on keys without exposing them to attackers.
124	Change management	Jackie is performing an impact analysis prior to a large-scale change her team is preparing to implement. Which of the following groups is not typically part of the impact analysis?	Stakeholders	System administrators	Service owners	Legal counsel	D	Stakeholders, administrators, and service owners are common impact-analysis participants; legal counsel is less typical.
125	Cryptography, PKI and data protection	Ilya wants to create a certificate signing request. Which of the following is not a typical part of a CSR?	The common name of the server	The organization's legal name	A contact email address	The organization's phone number	D	A phone number is not normally a required or typical CSR field.
126	Cryptography, PKI and data protection	Before Tony stores a password hash, he appends a string of characters that is unique to each password generated using an algorithm he created. What technique is Tony using to help protect his password hashes?	Tokenization	Steganography	Salting	Key stretching	C	Adding a unique value before hashing a password is salting.
127	Cryptography, PKI and data protection	Which of the following is not a step taken when a transaction is entered in a blockchain?	The value of the block is determined.	The transaction is sent to a peer-to-peer network of computers.	The transaction is validated using equations.	A transaction history is maintained as part of the blockchain.	A	Blockchain processing does not normally include determining a separate value of the block as a transaction step.
128	Cryptography, PKI and data protection	Kent wants to encrypt network traffic in transit. What cryptographic protocol is most frequently used to add encryption to existing protocols?	S/MIME	TLS	MPLS	SSH	B	TLS is the common protocol used to add encryption to many existing network protocols.
129	Change management	Which of the following is not a common concern in change management processes related to legacy applications?	Lack of vendor support	Lack of patches and updates	Ongoing licensing costs	Availability of third-party or consultant expertise	C	Legacy application security concerns commonly include support, patches, and expertise; licensing cost is not usually the main security concern.
130	Change management	Elaine wants to document the technical concerns that dependencies create as part of her change management process. Which of the following concerns is the most common when dependencies are encountered as part of change management?	Documenting the dependencies to ensure they are addressed	Removing the dependencies as part of the change	Patching the dependencies in addition to the main application	Updating diagrams related to the dependencies	A	Dependencies must be documented so they can be considered and addressed during the change.
131	Cryptography, PKI and data protection	Gary has implemented record-level encryption for his database. How many keys will he use in a typical implementation of record-level encryption?	One key per record	One key per column	One key per table	One key per database	A	Record-level encryption typically uses a separate key per record.
132	Zero trust, IAM and AAA	Justin's laptop is part of his organization's zero-trust architecture. What term is used to refer to a device like a laptop, desktop, or mobile device in a zero-trust design?	A subject	A policy engine	A service provider	A policy application point	A	In zero-trust terminology, a subject can be a user, service, or device requesting access.
133	Zero trust, IAM and AAA	Susan's organization has deployed a zero-trust architecture. Which of the following zero-trust control plane components uses rules to determine who can access a service based on the security status of their system, threat data, and similar information?	Adaptive authorization	Threat scope reduction	Policy-driven access control	Secured zones	C	Policy-driven access control uses rules and context such as device security and threat data to decide access.
134	Cryptography, PKI and data protection	Scott wants to implement OCSP as part of an application he is creating. What will he implement?	A corrective control security process	Certificate status checking	Transport encryption	Full-disk encryption	B	OCSP provides certificate revocation/status checking.
135	Cryptography, PKI and data protection	Which of the following is not a common reason to implement key escrow?	Regulatory compliance	Providing access to encrypted data for administrative reasons	Providing access to encrypted data in emergencies	Preventing the need for key rotation after a user leaves	D	Key escrow does not remove the need to rotate keys after users leave or keys become exposed.
136	Cryptography, PKI and data protection	Yariv discovers that he has exposed his private key to other users in his organization by sending it via email instead of his public key. What should he do?	Ask the other users to delete any copies of his private key that they may have.	Immediately add his key to a CRL and reissue the key.	Create a new keypair and notify others that he has replaced his keypair.	Continue to operate as normal as long as the private key was not used maliciously.	C	If a private key is exposed, the safe response is to generate a new keypair and notify affected parties.
137	Cryptography, PKI and data protection	What happens if a mistake is made and an incorrect transaction is entered into the open public ledger in a blockchain?	The transaction is reversed once it is discovered, and the original transaction is removed from the record.	A new transaction must be processed, and both transactions remain in the record.	The original transaction is updated and becomes the new record.	An error block must be mined and labeled with the transaction number and error details.	B	Blockchain records are immutable, so an error is corrected by adding a new transaction while the original remains.
138	Security+ mixed practice	Which of the following activities will not typically result in a need to update policies and procedures?	Deploying a new application	Installing patches for an existing application	Conducting a lessons learned exercise after an incident	Changes in regulations	B	Routine patching of an existing application does not usually require policy and procedure updates.
139	Physical security and controls	Hrant's organization wants to ensure that staff members use both something they know and something they have as part of their physical access control scheme. Which of the following solutions meets that requirement?	Security guards and access badges	Keys and access control vestibules	Access badges and PINs	Security guards and access control vestibules	C	A badge is something you have, and a PIN is something you know.
140	Physical security and controls	Julia wants to detect if an intruder enters a space using a sensor system. Which of the following is not typically used to detect intruders?	Infrared sensors	Pressure sensors	Microwave sensors	Ultrasonic sensors	B	Pressure sensors are less commonly used for general space-intrusion detection than infrared, microwave, or ultrasonic motion sensors.
141	Cryptography, PKI and data protection	Which of the following is not true for a secure cryptographic hash system?	Hashes are a one-way function.	Hashes generate a fixed length output.	Hashes may generate the same output for multiple inputs.	Hashes are commonly used to verify the integrity of files.	C	Secure hashes are designed to make collisions impractical, so saying they may generate the same output for multiple inputs is not true in the security sense tested here.
142	Physical security and controls	Casey wants to prevent tailgating attacks on her datacenter. What type of physical security solution should she put in place?	Video surveillance	Bollards	An access control vestibule	Access badges	C	An access control vestibule helps prevent tailgating by allowing only one person through controlled doors at a time.
143	Physical security and controls	As Casey continues to work to secure her datacenter, she decides to deploy access badges. What technique will provide the greatest assurance that a stolen or cloned access badge will not allow an attacker access?	Use barcode-based badges.	Require a PIN along with the badge.	Use RFID-based badges.	Include a picture of the user on the badge.	B	Requiring a PIN with the badge adds a second factor and reduces risk from stolen or cloned badges.
144	Change management	What term describes the function of digital signatures related to proving that the signature was provided by the owner of a given private key?	Ledger-based validation	Nonrepudiation	Key stretching	Authentication	B	Nonrepudiation means the signer cannot credibly deny signing with their private key.
145	Cryptography, PKI and data protection	John wants to send his public key to another user. What steps are necessary to do so?	The key must be sent using Diffie-Hellman.	The key can simply be sent via email or other means.	The key must be sent using RSA.	The key must be signed, then sent via email or other means.	B	A public key is not secret and can be sent by email or another ordinary method, though authenticity should still be verified in real deployments.
146	Cryptography, PKI and data protection	Tracy wants to use the most secure salting solution she can. Which of the following options will provide the most secure salt?	Set a salt value and store it in a database.	Set a salt value and store it in the program code.	Generate a unique salt for each hashed entry.	Generate a unique salt value every time a value is used.	C	The standard strong approach is to generate a unique salt for each hashed entry.
147	Security controls and operations	Bob conducts a periodic risk assessment of his organization. What category of security control is this?	Technical	Managerial	Operational	Physical	B	Risk assessments are managerial controls because they are governance and risk management activities.
148	Security controls and operations	After a breach, Jackie removes malicious software from a server that she is responsible for. What control type should she classify this as?	Preventive	Corrective	Compensating	Deterrent	B	Removing malware after a breach is corrective because it remediates the problem.
149	Cryptography, PKI and data protection	What can a root SSL (TLS) certificate do?	Remove a certificate from a CRL	Generate a signing key and use it to sign a new certificate	Authorize new CA users	Allow key stretching	B	A root CA uses its root certificate and signing key to sign or validate subordinate certificates in the trust chain.
150	Security+ mixed practice	Christina wants to authenticate individuals as part of her AAA implementation. What will she need to do to authenticate users?	Match users to roles and ensure that rights are assigned.	Conduct biometric enrollments for every user.	Use identity proofing for each user she creates.	Ensure that users provide an identity and one or more authentication factors.	D	Authentication requires the user to present an identity and one or more authentication factors.
